component,slope,intercept,r_squared,p_value
x_axis,1.2688263138573216e-17,2.465190328815662e-32,0.12121212121212119,0.4441131654219257
y_axis,1.586032892321652e-17,-2.061842760018148e-16,0.21186440677966098,0.29866681850950527
shear,-5.047379678839511e-18,5.2036454869210185e-17,0.3897335613292754,0.13399253093411448
