filename,deformation_distance,strain_xx,strain_yy,strain_xy
deformation-00mm-force.png,0.0,-2.220446049250313e-16,-4.440892098500626e-16,2.016492847745828e-18
deformation-05mm-force.png,5.0,0.0,-2.220446049250313e-16,3.5048004900652016e-17
deformation-10mm-force.png,10.0,2.220446049250313e-16,0.0,2.8337968237222296e-17
deformation-15mm-force.png,15.0,4.440892098500626e-16,2.220446049250313e-16,3.1991438938211454e-17
deformation-20mm-force.png,20.0,2.220446049250313e-16,6.661338147750939e-16,8.94160757295348e-18
deformation-25mm-force.png,25.0,8.881784197001252e-16,2.220446049250313e-16,-2.0507427804266604e-16
deformation-30mm-force.png,30.0,-2.220446049250313e-16,-2.220446049250313e-16,-6.69809166477964e-17
